timestamp,BTCUSDT,ETHUSDT
2026-06-02 12:46:39,69166.6,1977.32
2026-06-02 12:46:40,69172.5,1977.32
2026-06-02 12:46:41,69172.5,1977.33
2026-06-02 12:46:42,69172.6,1977.33
2026-06-02 12:46:43,69172.5,1977.32
2026-06-02 12:46:44,69172.6,1977.32
2026-06-02 12:46:45,69172.6,1977.32
2026-06-02 12:46:46,69172.6,1977.33
2026-06-02 12:46:47,69172.5,1977.32
2026-06-02 12:46:48,69172.5,1977.32
2026-06-02 12:46:49,69172.5,1977.32
2026-06-02 12:46:50,69172.6,1977.32
2026-06-02 12:46:51,69172.5,1977.32
2026-06-02 12:46:52,69172.5,1977.32
2026-06-02 12:46:53,69172.6,1977.33
2026-06-02 12:46:54,69172.5,1977.32
2026-06-02 12:46:55,69172.5,1977.33
2026-06-02 12:46:56,69172.5,1977.32
2026-06-02 12:46:57,69172.6,1977.32
2026-06-02 12:46:58,69167.6,1977.12
2026-06-02 12:46:59,69167.1,1976.83
2026-06-02 12:47:00,69167.1,1976.98
2026-06-02 12:47:01,69166.7,1976.76
2026-06-02 12:47:02,69166.6,1976.76
2026-06-02 12:47:03,69166.7,1976.62
2026-06-02 12:47:04,69166.7,1976.84
2026-06-02 12:47:05,69167.7,1976.83
2026-06-02 12:47:06,69167.6,1976.72
2026-06-02 12:47:07,69162.9,1976.64
2026-06-02 12:47:08,69162.8,1976.65
2026-06-02 12:47:09,69162.9,1976.64
2026-06-02 12:47:10,69157.9,1976.4
2026-06-02 12:47:11,69146.3,1976.21
2026-06-02 12:47:12,69146.3,1976.2
2026-06-02 12:47:13,69146.4,1976.29
2026-06-02 12:47:14,69140.0,1976.11
2026-06-02 12:47:15,69133.3,1975.87
2026-06-02 12:47:16,69120.0,1975.75
2026-06-02 12:47:17,69120.0,1975.59
2026-06-02 12:47:18,69120.1,1975.59
2026-06-02 12:47:19,69120.1,1975.59
2026-06-02 12:47:20,69098.9,1975.4
2026-06-02 12:47:21,69101.9,1975.41
2026-06-02 12:47:22,69101.9,1975.21
2026-06-02 12:47:23,69098.9,1975.21
2026-06-02 12:47:24,69098.9,1975.21
2026-06-02 12:47:25,69098.9,1975.21
2026-06-02 12:47:26,69093.2,1975.11
2026-06-02 12:47:27,69093.2,1975.11
2026-06-02 12:47:28,69097.2,1975.21
2026-06-02 12:47:29,69097.2,1975.2
2026-06-02 12:47:30,69099.9,1975.2
2026-06-02 12:47:31,69114.6,1975.35
2026-06-02 12:47:32,69119.8,1975.62
2026-06-02 12:47:33,69114.6,1975.47
2026-06-02 12:47:34,69111.5,1975.34
2026-06-02 12:47:35,69111.5,1975.35
2026-06-02 12:47:36,69089.9,1975.03
2026-06-02 12:47:37,69089.8,1975.01
2026-06-02 12:47:38,69089.9,1975.0
2026-06-02 12:47:39,69089.8,1974.92
2026-06-02 12:47:40,69089.9,1975.08
2026-06-02 12:47:41,69089.9,1975.16
2026-06-02 12:47:42,69095.1,1975.31
2026-06-02 12:47:43,69105.4,1975.41
2026-06-02 12:47:44,69105.9,1975.41
2026-06-02 12:47:45,69105.8,1975.41
2026-06-02 12:47:46,69105.8,1975.41
2026-06-02 12:47:47,69105.9,1975.42
2026-06-02 12:47:48,69105.7,1975.26
2026-06-02 12:47:49,69101.2,1975.2
2026-06-02 12:47:50,69101.2,1975.2
2026-06-02 12:47:51,69101.1,1975.2
2026-06-02 12:47:52,69101.2,1975.2
2026-06-02 12:47:53,69094.8,1975.08
2026-06-02 12:47:54,69094.8,1975.14
2026-06-02 12:47:55,69094.9,1975.14
2026-06-02 12:47:56,69094.8,1975.17
2026-06-02 12:47:57,69094.8,1975.17
2026-06-02 12:47:58,69099.7,1975.16
2026-06-02 12:47:59,69099.8,1975.16
2026-06-02 12:48:00,69103.9,1975.27
2026-06-02 12:48:01,69097.0,1975.15
2026-06-02 12:48:02,69097.0,1975.16
2026-06-02 12:48:03,69099.5,1975.19
2026-06-02 12:48:04,69099.7,1975.19
2026-06-02 12:48:05,69099.7,1975.19
2026-06-02 12:48:06,69099.7,1975.19
2026-06-02 12:48:07,69096.9,1975.2
2026-06-02 12:48:08,69096.9,1975.19
2026-06-02 12:48:09,69096.6,1975.19
2026-06-02 12:48:10,69096.7,1975.19
2026-06-02 12:48:11,69094.4,1975.16
2026-06-02 12:48:12,69090.2,1975.12
2026-06-02 12:48:13,69091.7,1975.13
2026-06-02 12:48:14,69096.5,1975.16
2026-06-02 12:48:15,69096.6,1975.15
2026-06-02 12:48:16,69096.6,1975.15
2026-06-02 12:48:17,69089.8,1975.09
2026-06-02 12:48:18,69089.8,1974.9
2026-06-02 12:48:19,69089.9,1974.9
2026-06-02 12:48:20,69088.7,1974.81
2026-06-02 12:48:21,69088.7,1975.14
2026-06-02 12:48:22,69090.0,1975.19
2026-06-02 12:48:23,69096.1,1975.2
2026-06-02 12:48:24,69099.6,1975.28
2026-06-02 12:48:25,69099.6,1975.27
2026-06-02 12:48:26,69099.6,1975.1
2026-06-02 12:48:27,69099.6,1975.09
2026-06-02 12:48:28,69099.6,1975.09
2026-06-02 12:48:29,69099.6,1975.09
2026-06-02 12:48:30,69093.6,1975.09
2026-06-02 12:48:31,69093.6,1975.09
2026-06-02 12:48:32,69093.6,1975.09
2026-06-02 12:48:33,69090.1,1974.87
2026-06-02 12:48:34,69090.0,1974.86
2026-06-02 12:48:35,69090.0,1974.87
2026-06-02 12:48:36,69090.1,1974.86
2026-06-02 12:48:37,69090.1,1974.86
2026-06-02 12:48:38,69090.1,1974.87
2026-06-02 12:48:39,69090.1,1974.96
2026-06-02 12:48:40,69090.0,1974.96
2026-06-02 12:48:41,69090.1,1974.89
2026-06-02 12:48:42,69091.5,1974.8
2026-06-02 12:48:43,69090.3,1974.8
2026-06-02 12:48:44,69090.2,1974.79
2026-06-02 12:48:45,69096.2,1974.96
2026-06-02 12:48:46,69099.0,1974.99
2026-06-02 12:48:47,69099.0,1974.99
2026-06-02 12:48:48,69099.0,1974.99
2026-06-02 12:48:49,69100.0,1975.0
2026-06-02 12:48:50,69100.0,1974.99
2026-06-02 12:48:51,69099.9,1975.0
2026-06-02 12:48:52,69100.0,1974.99
2026-06-02 12:48:53,69099.9,1975.0
2026-06-02 12:48:54,69104.9,1975.07
2026-06-02 12:48:55,69104.9,1975.06
2026-06-02 12:48:56,69105.3,1975.06
2026-06-02 12:48:57,69105.3,1974.99
2026-06-02 12:48:58,69105.3,1975.0
2026-06-02 12:48:59,69110.0,1975.06
2026-06-02 12:49:00,69110.0,1975.06
2026-06-02 12:49:01,69110.0,1975.06
2026-06-02 12:49:02,69109.9,1975.06
2026-06-02 12:49:03,69114.3,1975.18
2026-06-02 12:49:04,69119.5,1975.32
2026-06-02 12:49:05,69120.0,1975.32
2026-06-02 12:49:06,69122.6,1975.45
2026-06-02 12:49:07,69127.4,1975.46
2026-06-02 12:49:08,69123.9,1975.45
2026-06-02 12:49:09,69123.3,1975.42
2026-06-02 12:49:10,69123.4,1975.69
2026-06-02 12:49:11,69123.4,1975.69
2026-06-02 12:49:12,69112.4,1975.01
2026-06-02 12:49:13,69112.4,1975.15
2026-06-02 12:49:14,69113.8,1975.21
2026-06-02 12:49:15,69113.7,1975.22
2026-06-02 12:49:16,69113.7,1975.22
2026-06-02 12:49:17,69110.1,1975.22
2026-06-02 12:49:18,69110.0,1975.21
2026-06-02 12:49:19,69110.1,1975.22
2026-06-02 12:49:20,69110.1,1975.21
2026-06-02 12:49:21,69110.1,1975.22
2026-06-02 12:49:22,69110.0,1975.22
2026-06-02 12:49:23,69110.1,1975.22
2026-06-02 12:49:24,69113.4,1975.21
2026-06-02 12:49:25,69113.3,1975.21
2026-06-02 12:49:26,69113.3,1975.22
2026-06-02 12:49:27,69113.4,1975.28
2026-06-02 12:49:28,69113.4,1975.28
2026-06-02 12:49:29,69113.3,1975.29
2026-06-02 12:49:30,69113.3,1975.29
2026-06-02 12:49:31,69113.4,1975.28
2026-06-02 12:49:32,69113.3,1975.29
2026-06-02 12:49:33,69113.4,1975.29
2026-06-02 12:49:34,69113.3,1975.28
2026-06-02 12:49:35,69113.4,1975.42
2026-06-02 12:49:36,69113.4,1975.43
2026-06-02 12:49:37,69113.4,1975.43
2026-06-02 12:49:38,69110.0,1975.25
2026-06-02 12:49:39,69110.0,1975.25
2026-06-02 12:49:40,69110.1,1975.25
2026-06-02 12:49:41,69110.1,1975.25
2026-06-02 12:49:42,69105.0,1975.24
2026-06-02 12:49:43,69105.0,1975.24
2026-06-02 12:49:44,69100.1,1975.12
2026-06-02 12:49:45,69100.0,1975.12
2026-06-02 12:49:46,69097.5,1975.11
2026-06-02 12:49:47,69097.4,1975.12
2026-06-02 12:49:48,69097.4,1975.12
2026-06-02 12:49:49,69097.3,1975.11
2026-06-02 12:49:50,69097.4,1975.26
2026-06-02 12:49:51,69097.4,1975.27
2026-06-02 12:49:52,69097.4,1975.26
2026-06-02 12:49:53,69097.3,1975.27
2026-06-02 12:49:54,69097.4,1975.26
2026-06-02 12:49:55,69097.3,1975.27
2026-06-02 12:49:56,69097.3,1975.43
2026-06-02 12:49:57,69097.4,1975.36
2026-06-02 12:49:58,69097.3,1975.36
2026-06-02 12:49:59,69097.3,1975.35
2026-06-02 12:50:00,69105.5,1975.55
2026-06-02 12:50:01,69097.4,1975.29
2026-06-02 12:50:02,69091.5,1975.2
2026-06-02 12:50:03,69090.1,1975.16
2026-06-02 12:50:04,69090.1,1975.11
2026-06-02 12:50:05,69089.0,1975.05
2026-06-02 12:50:06,69088.9,1975.05
2026-06-02 12:50:07,69088.8,1975.04
2026-06-02 12:50:08,69088.8,1975.05
2026-06-02 12:50:09,69088.8,1975.05
2026-06-02 12:50:10,69088.9,1975.04
2026-06-02 12:50:11,69088.9,1975.04
2026-06-02 12:50:12,69088.8,1975.22
2026-06-02 12:50:13,69088.8,1975.21
2026-06-02 12:50:14,69088.9,1975.21
2026-06-02 12:50:15,69088.8,1975.22
2026-06-02 12:50:16,69088.9,1975.22
2026-06-02 12:50:17,69088.9,1975.22
2026-06-02 12:50:18,69088.8,1975.22
2026-06-02 12:50:19,69088.9,1975.21
2026-06-02 12:50:20,69080.1,1975.21
2026-06-02 12:50:21,69080.1,1975.22
2026-06-02 12:50:22,69080.1,1975.22
2026-06-02 12:50:23,69080.1,1975.21
2026-06-02 12:50:24,69080.0,1975.21
2026-06-02 12:50:25,69080.1,1975.21
2026-06-02 12:50:26,69080.1,1975.21
2026-06-02 12:50:27,69071.0,1975.0
2026-06-02 12:50:28,69071.0,1975.0
2026-06-02 12:50:29,69070.9,1975.0
2026-06-02 12:50:30,69077.6,1975.0
2026-06-02 12:50:31,69077.5,1975.0
2026-06-02 12:50:32,69073.1,1974.7
2026-06-02 12:50:33,69073.0,1974.7
2026-06-02 12:50:34,69068.9,1974.82
2026-06-02 12:50:35,69068.8,1974.82
2026-06-02 12:50:36,69071.0,1974.82
2026-06-02 12:50:37,69075.6,1974.82
2026-06-02 12:50:38,69075.6,1974.87
2026-06-02 12:50:39,69075.5,1974.87
2026-06-02 12:50:40,69071.2,1974.82
2026-06-02 12:50:41,69075.6,1974.98
2026-06-02 12:50:42,69077.4,1974.98
2026-06-02 12:50:43,69087.4,1975.15
2026-06-02 12:50:44,69087.5,1975.21
2026-06-02 12:50:45,69087.4,1975.22
2026-06-02 12:50:46,69087.5,1975.21
2026-06-02 12:50:47,69087.4,1975.21
2026-06-02 12:50:48,69087.5,1975.22
2026-06-02 12:50:49,69087.5,1975.21
2026-06-02 12:50:50,69087.4,1975.21
2026-06-02 12:50:51,69087.4,1975.22
2026-06-02 12:50:52,69087.4,1975.22
2026-06-02 12:50:53,69087.4,1975.22
2026-06-02 12:50:54,69087.4,1975.26
2026-06-02 12:50:55,69087.5,1975.26
2026-06-02 12:50:56,69087.5,1975.26
2026-06-02 12:50:57,69087.4,1975.35
2026-06-02 12:50:58,69087.5,1975.42
2026-06-02 12:50:59,69087.5,1975.45
2026-06-02 12:51:00,69087.5,1975.46
2026-06-02 12:51:01,69076.2,1975.22
2026-06-02 12:51:02,69076.2,1975.21
2026-06-02 12:51:03,69068.1,1975.21
2026-06-02 12:51:04,69063.1,1975.01
2026-06-02 12:51:05,69057.3,1974.85
2026-06-02 12:51:06,69050.1,1974.57
2026-06-02 12:51:07,69036.0,1974.46
2026-06-02 12:51:08,69039.1,1974.48
2026-06-02 12:51:09,69049.6,1974.71
2026-06-02 12:51:10,69056.5,1975.14
2026-06-02 12:51:11,69062.0,1975.13
2026-06-02 12:51:12,69063.0,1975.18
2026-06-02 12:51:13,69062.9,1975.18
2026-06-02 12:51:14,69062.9,1975.18
2026-06-02 12:51:15,69066.4,1975.17
2026-06-02 12:51:16,69067.5,1975.17
2026-06-02 12:51:17,69067.6,1975.17
2026-06-02 12:51:18,69067.6,1975.34
2026-06-02 12:51:19,69067.6,1975.33
2026-06-02 12:51:20,69067.6,1975.33
2026-06-02 12:51:21,69056.7,1975.2
2026-06-02 12:51:22,69056.7,1975.2
2026-06-02 12:51:23,69050.9,1974.97
2026-06-02 12:51:24,69044.6,1974.82
2026-06-02 12:51:25,69044.5,1974.82
2026-06-02 12:51:26,69038.4,1974.82
2026-06-02 12:51:27,69043.8,1974.82
2026-06-02 12:51:28,69044.6,1974.82
2026-06-02 12:51:29,69052.6,1974.86
2026-06-02 12:51:30,69056.6,1975.2
2026-06-02 12:51:31,69061.1,1975.19
2026-06-02 12:51:32,69061.1,1975.19
2026-06-02 12:51:33,69061.1,1975.2
2026-06-02 12:51:34,69061.2,1975.36
2026-06-02 12:51:35,69061.2,1975.35
2026-06-02 12:51:36,69061.2,1975.35
2026-06-02 12:51:37,69061.1,1975.39
2026-06-02 12:51:38,69073.8,1976.08
2026-06-02 12:51:39,69073.8,1976.2
2026-06-02 12:51:40,69084.0,1976.62
2026-06-02 12:51:41,69084.7,1976.61
2026-06-02 12:51:42,69087.4,1976.62
2026-06-02 12:51:43,69084.1,1976.29
2026-06-02 12:51:44,69086.4,1976.28
2026-06-02 12:51:45,69086.4,1976.28
2026-06-02 12:51:46,69086.4,1976.28
2026-06-02 12:51:47,69086.3,1976.29
2026-06-02 12:51:48,69076.7,1976.04
2026-06-02 12:51:49,69076.7,1976.01
2026-06-02 12:51:50,69067.7,1975.83
2026-06-02 12:51:51,69065.6,1975.73
2026-06-02 12:51:52,69065.6,1975.69
2026-06-02 12:51:53,69065.6,1975.77
2026-06-02 12:51:54,69067.7,1975.83
2026-06-02 12:51:55,69067.6,1975.84
2026-06-02 12:51:56,69067.6,1975.83
2026-06-02 12:51:57,69067.6,1975.83
2026-06-02 12:51:58,69067.7,1975.83
2026-06-02 12:51:59,69069.0,1975.84
2026-06-02 12:52:00,69069.2,1975.83
2026-06-02 12:52:01,69076.7,1976.01
2026-06-02 12:52:02,69079.9,1976.01
2026-06-02 12:52:03,69080.0,1976.01
2026-06-02 12:52:04,69082.6,1976.16
2026-06-02 12:52:05,69082.6,1976.19
2026-06-02 12:52:06,69082.5,1976.19
2026-06-02 12:52:07,69079.6,1976.11
2026-06-02 12:52:08,69078.6,1976.18
2026-06-02 12:52:09,69078.6,1976.18
2026-06-02 12:52:10,69078.6,1976.17
2026-06-02 12:52:11,69078.5,1976.18
2026-06-02 12:52:12,69082.1,1976.18
2026-06-02 12:52:13,69082.8,1976.22
2026-06-02 12:52:14,69082.7,1976.21
2026-06-02 12:52:15,69082.7,1976.21
2026-06-02 12:52:16,69082.8,1976.21
2026-06-02 12:52:17,69085.5,1976.36
2026-06-02 12:52:18,69085.5,1976.35
2026-06-02 12:52:19,69085.6,1976.36
2026-06-02 12:52:20,69085.8,1976.36
2026-06-02 12:52:21,69080.2,1976.3
2026-06-02 12:52:22,69080.0,1976.3
2026-06-02 12:52:23,69080.1,1976.3
2026-06-02 12:52:24,69080.1,1976.29
2026-06-02 12:52:25,69078.6,1976.29
2026-06-02 12:52:26,69078.5,1976.21
2026-06-02 12:52:27,69078.5,1976.22
2026-06-02 12:52:28,69078.6,1976.22
2026-06-02 12:52:29,69078.6,1976.22
2026-06-02 12:52:30,69078.6,1976.22
2026-06-02 12:52:31,69078.6,1976.21
2026-06-02 12:52:32,69078.6,1976.21
2026-06-02 12:52:33,69075.1,1976.17
2026-06-02 12:52:34,69075.0,1976.15
2026-06-02 12:52:35,69070.1,1976.02
2026-06-02 12:52:36,69061.8,1975.86
2026-06-02 12:52:37,69061.7,1975.86
2026-06-02 12:52:38,69061.7,1975.86
2026-06-02 12:52:39,69061.8,1975.84
2026-06-02 12:52:40,69061.8,1975.83
2026-06-02 12:52:41,69054.3,1975.7
2026-06-02 12:52:42,69052.3,1975.69
2026-06-02 12:52:43,69042.0,1975.48
2026-06-02 12:52:44,69037.0,1975.44
2026-06-02 12:52:45,69041.9,1975.4
2026-06-02 12:52:46,69041.9,1975.39
2026-06-02 12:52:47,69041.9,1975.4
2026-06-02 12:52:48,69041.9,1975.4
2026-06-02 12:52:49,69049.1,1975.4
2026-06-02 12:52:50,69049.1,1975.39
2026-06-02 12:52:51,69044.9,1975.39
2026-06-02 12:52:52,69048.9,1975.39
2026-06-02 12:52:53,69052.1,1975.46
2026-06-02 12:52:54,69052.0,1975.39
2026-06-02 12:52:55,69049.1,1975.38
2026-06-02 12:52:56,69048.8,1975.39
2026-06-02 12:52:57,69047.7,1975.2
2026-06-02 12:52:58,69047.7,1975.2
2026-06-02 12:52:59,69047.8,1975.21
2026-06-02 12:53:00,69047.8,1975.21
2026-06-02 12:53:01,69049.1,1975.3
2026-06-02 12:53:02,69049.1,1975.31
2026-06-02 12:53:03,69049.1,1975.31
2026-06-02 12:53:04,69049.2,1975.31
2026-06-02 12:53:05,69049.2,1975.3
2026-06-02 12:53:06,69049.1,1975.3
2026-06-02 12:53:07,69049.1,1975.31
2026-06-02 12:53:08,69049.2,1975.3
2026-06-02 12:53:09,69049.1,1975.31
2026-06-02 12:53:10,69049.2,1975.31
2026-06-02 12:53:11,69049.2,1975.3
2026-06-02 12:53:12,69049.1,1975.3
2026-06-02 12:53:13,69049.1,1975.3
2026-06-02 12:53:14,69049.1,1975.3
2026-06-02 12:53:15,69049.1,1975.3
2026-06-02 12:53:16,69049.2,1975.3
2026-06-02 12:53:17,69049.1,1975.3
2026-06-02 12:53:18,69049.1,1975.3
2026-06-02 12:53:19,69054.9,1975.4
2026-06-02 12:53:20,69055.0,1975.4
2026-06-02 12:53:21,69055.0,1975.4
2026-06-02 12:53:22,69058.9,1975.46
2026-06-02 12:53:23,69059.9,1975.61
2026-06-02 12:53:24,69059.9,1975.61
2026-06-02 12:53:25,69060.0,1975.62
2026-06-02 12:53:26,69069.1,1975.68
2026-06-02 12:53:27,69069.0,1975.68
2026-06-02 12:53:28,69069.0,1975.69
2026-06-02 12:53:29,69069.1,1975.68
2026-06-02 12:53:30,69075.0,1975.75
2026-06-02 12:53:31,69075.0,1975.75
2026-06-02 12:53:32,69078.5,1975.75
2026-06-02 12:53:33,69078.6,1975.76
2026-06-02 12:53:34,69078.6,1975.76
2026-06-02 12:53:35,69075.0,1975.76
2026-06-02 12:53:36,69074.9,1975.75
2026-06-02 12:53:37,69075.0,1975.75
2026-06-02 12:53:38,69075.0,1975.75
2026-06-02 12:53:39,69075.0,1975.75
2026-06-02 12:53:40,69074.9,1975.75
2026-06-02 12:53:41,69069.0,1975.75
2026-06-02 12:53:42,69069.0,1975.75
2026-06-02 12:53:43,69069.0,1975.75
2026-06-02 12:53:44,69074.1,1975.76
2026-06-02 12:53:45,69069.0,1975.76
2026-06-02 12:53:46,69069.0,1975.76
2026-06-02 12:53:47,69069.0,1975.76
2026-06-02 12:53:48,69069.0,1975.75
2026-06-02 12:53:49,69069.0,1975.75
2026-06-02 12:53:50,69070.5,1975.75
2026-06-02 12:53:51,69070.4,1975.76
2026-06-02 12:53:52,69074.9,1975.75
2026-06-02 12:53:53,69075.0,1975.75
2026-06-02 12:53:54,69079.8,1975.76
2026-06-02 12:53:55,69079.8,1975.75
2026-06-02 12:53:56,69079.8,1975.75
2026-06-02 12:53:57,69079.8,1975.75
2026-06-02 12:53:58,69079.8,1975.75
2026-06-02 12:53:59,69079.9,1975.88
2026-06-02 12:54:00,69080.0,1976.07
2026-06-02 12:54:01,69080.0,1976.07
2026-06-02 12:54:02,69080.0,1976.08
2026-06-02 12:54:03,69080.0,1976.07
2026-06-02 12:54:04,69080.0,1976.08
2026-06-02 12:54:05,69079.9,1976.08
2026-06-02 12:54:06,69079.9,1975.76
2026-06-02 12:54:07,69080.0,1975.75
2026-06-02 12:54:08,69075.1,1975.76
2026-06-02 12:54:09,69075.1,1975.76
2026-06-02 12:54:10,69075.1,1975.75
2026-06-02 12:54:11,69075.0,1975.76
2026-06-02 12:54:12,69075.0,1975.76
2026-06-02 12:54:13,69075.0,1975.56
2026-06-02 12:54:14,69075.0,1975.48
2026-06-02 12:54:15,69070.4,1975.39
2026-06-02 12:54:16,69070.4,1975.19
2026-06-02 12:54:17,69070.4,1975.19
2026-06-02 12:54:18,69070.5,1975.18
2026-06-02 12:54:19,69070.5,1975.19
2026-06-02 12:54:20,69070.4,1975.18
2026-06-02 12:54:21,69065.6,1975.18
2026-06-02 12:54:22,69060.0,1975.18
2026-06-02 12:54:23,69060.0,1975.19
2026-06-02 12:54:24,69060.0,1975.14
2026-06-02 12:54:25,69060.0,1975.14
2026-06-02 12:54:26,69060.0,1975.14
2026-06-02 12:54:27,69060.1,1975.14
2026-06-02 12:54:28,69060.1,1975.14
2026-06-02 12:54:29,69060.0,1975.15
2026-06-02 12:54:30,69060.0,1975.14
2026-06-02 12:54:31,69060.1,1975.15
2026-06-02 12:54:32,69046.8,1975.05
2026-06-02 12:54:33,69054.0,1975.05
2026-06-02 12:54:34,69054.0,1975.04
2026-06-02 12:54:35,69053.9,1975.04
2026-06-02 12:54:36,69054.0,1975.05
2026-06-02 12:54:37,69059.1,1975.04
2026-06-02 12:54:38,69065.3,1975.05
2026-06-02 12:54:39,69055.6,1975.04
2026-06-02 12:54:40,69054.0,1975.05
2026-06-02 12:54:41,69043.1,1974.86
2026-06-02 12:54:42,69043.2,1974.86
2026-06-02 12:54:43,69043.2,1974.86
2026-06-02 12:54:44,69043.1,1974.86
2026-06-02 12:54:45,69043.2,1974.87
2026-06-02 12:54:46,69043.2,1974.86
2026-06-02 12:54:47,69043.2,1974.87
2026-06-02 12:54:48,69043.1,1974.86
2026-06-02 12:54:49,69043.1,1974.87
2026-06-02 12:54:50,69043.2,1974.87
2026-06-02 12:54:51,69039.8,1974.87
2026-06-02 12:54:52,69039.9,1974.87
2026-06-02 12:54:53,69039.9,1974.86
2026-06-02 12:54:54,69039.9,1974.86
2026-06-02 12:54:55,69034.9,1974.86
2026-06-02 12:54:56,69034.8,1975.0
2026-06-02 12:54:57,69033.8,1975.0
2026-06-02 12:54:58,69028.2,1974.86
2026-06-02 12:54:59,69024.5,1974.86
2026-06-02 12:55:00,69039.2,1975.08
2026-06-02 12:55:01,69043.1,1975.23
2026-06-02 12:55:02,69048.1,1975.37
2026-06-02 12:55:03,69049.9,1975.36
2026-06-02 12:55:04,69050.0,1975.37
2026-06-02 12:55:05,69050.0,1975.36
2026-06-02 12:55:06,69050.0,1975.39
2026-06-02 12:55:07,69049.9,1975.4
2026-06-02 12:55:08,69050.0,1975.4
2026-06-02 12:55:09,69050.0,1975.4
2026-06-02 12:55:10,69053.3,1975.48
2026-06-02 12:55:11,69053.2,1975.47
2026-06-02 12:55:12,69053.2,1975.47
2026-06-02 12:55:13,69059.9,1975.51
2026-06-02 12:55:14,69059.9,1975.51
2026-06-02 12:55:15,69059.8,1975.51
2026-06-02 12:55:16,69059.8,1975.51
2026-06-02 12:55:17,69059.8,1975.57
2026-06-02 12:55:18,69059.9,1975.58
2026-06-02 12:55:19,69059.9,1975.57
2026-06-02 12:55:20,69059.9,1975.61
2026-06-02 12:55:21,69060.1,1975.65
2026-06-02 12:55:22,69070.0,1975.73
2026-06-02 12:55:23,69070.0,1975.74
2026-06-02 12:55:24,69067.5,1975.58
2026-06-02 12:55:25,69067.4,1975.59
2026-06-02 12:55:26,69067.5,1975.59
2026-06-02 12:55:27,69067.5,1975.58
2026-06-02 12:55:28,69067.5,1975.58
2026-06-02 12:55:29,69067.5,1975.59
2026-06-02 12:55:30,69067.4,1975.59
2026-06-02 12:55:31,69056.0,1975.33
2026-06-02 12:55:32,69057.6,1975.36
2026-06-02 12:55:33,69057.5,1975.36
2026-06-02 12:55:34,69057.6,1975.36
2026-06-02 12:55:35,69057.6,1975.36
2026-06-02 12:55:36,69057.6,1975.35
2026-06-02 12:55:37,69057.6,1975.36
2026-06-02 12:55:38,69057.5,1975.35
2026-06-02 12:55:39,69037.4,1975.07
2026-06-02 12:55:40,69037.4,1975.08
2026-06-02 12:55:41,69037.4,1975.01
2026-06-02 12:55:42,69037.3,1975.0
2026-06-02 12:55:43,69037.3,1975.0
2026-06-02 12:55:44,69042.6,1975.1
2026-06-02 12:55:45,69042.6,1975.1
2026-06-02 12:55:46,69042.5,1975.09
2026-06-02 12:55:47,69042.5,1975.09
2026-06-02 12:55:48,69042.5,1975.1
2026-06-02 12:55:49,69042.5,1974.98
2026-06-02 12:55:50,69042.5,1974.97
2026-06-02 12:55:51,69042.6,1974.97
2026-06-02 12:55:52,69042.6,1974.98
2026-06-02 12:55:53,69042.6,1975.06
2026-06-02 12:55:54,69046.6,1974.98
2026-06-02 12:55:55,69046.5,1974.98
2026-06-02 12:55:56,69025.8,1974.61
2026-06-02 12:55:57,69028.2,1974.68
2026-06-02 12:55:58,69028.3,1974.69
2026-06-02 12:55:59,69028.3,1974.68
2026-06-02 12:56:00,69028.2,1974.68
2026-06-02 12:56:01,69028.2,1974.69
2026-06-02 12:56:02,69028.3,1974.91
2026-06-02 12:56:03,69029.9,1974.92
2026-06-02 12:56:04,69030.0,1974.91
2026-06-02 12:56:05,69033.5,1974.93
2026-06-02 12:56:06,69033.5,1974.92
2026-06-02 12:56:07,69033.5,1974.93
2026-06-02 12:56:08,69033.4,1974.93
2026-06-02 12:56:09,69035.1,1974.99
2026-06-02 12:56:10,69038.8,1975.01
2026-06-02 12:56:11,69038.8,1975.02
2026-06-02 12:56:12,69038.8,1975.02
2026-06-02 12:56:13,69038.8,1975.02
2026-06-02 12:56:14,69042.4,1975.25
2026-06-02 12:56:15,69042.3,1975.26
2026-06-02 12:56:16,69034.0,1975.16
2026-06-02 12:56:17,69034.1,1975.16
2026-06-02 12:56:18,69034.0,1975.16
2026-06-02 12:56:19,69034.0,1975.16
2026-06-02 12:56:20,69034.0,1975.16
2026-06-02 12:56:21,69034.0,1975.16
2026-06-02 12:56:22,69034.1,1975.03
2026-06-02 12:56:23,69034.0,1975.03
2026-06-02 12:56:24,69029.7,1975.02
2026-06-02 12:56:25,69029.8,1975.02
2026-06-02 12:56:26,69029.8,1975.02
2026-06-02 12:56:27,69021.0,1974.96
2026-06-02 12:56:28,69021.0,1974.94
2026-06-02 12:56:29,69021.0,1974.93
2026-06-02 12:56:30,69023.8,1974.91
2026-06-02 12:56:31,69023.9,1974.91
2026-06-02 12:56:32,69019.2,1974.92
2026-06-02 12:56:33,69019.1,1974.91
2026-06-02 12:56:34,69019.2,1974.92
2026-06-02 12:56:35,69019.1,1974.91
2026-06-02 12:56:36,69019.1,1974.92
2026-06-02 12:56:37,69016.6,1974.82
2026-06-02 12:56:38,69016.7,1974.82
2026-06-02 12:56:39,69019.9,1974.86
2026-06-02 12:56:40,69020.0,1974.92
2026-06-02 12:56:41,69020.0,1974.92
2026-06-02 12:56:42,69020.0,1974.92
2026-06-02 12:56:43,69033.6,1975.14
2026-06-02 12:56:44,69033.7,1975.13
2026-06-02 12:56:45,69033.7,1975.13
2026-06-02 12:56:46,69028.5,1975.13
2026-06-02 12:56:47,69028.5,1975.13
2026-06-02 12:56:48,69028.5,1975.13
2026-06-02 12:56:49,69028.5,1975.13
2026-06-02 12:56:50,69028.5,1975.0
2026-06-02 12:56:51,69028.6,1975.0
2026-06-02 12:56:52,69028.6,1974.99
2026-06-02 12:56:53,69031.7,1975.0
2026-06-02 12:56:54,69024.3,1974.93
2026-06-02 12:56:55,69024.2,1974.94
2026-06-02 12:56:56,69024.3,1974.94
2026-06-02 12:56:57,69024.1,1974.94
2026-06-02 12:56:58,69024.1,1974.94
2026-06-02 12:56:59,69020.1,1974.93
2026-06-02 12:57:00,69024.1,1974.94
2026-06-02 12:57:01,69024.2,1974.93
2026-06-02 12:57:02,69034.0,1975.4
2026-06-02 12:57:03,69034.0,1975.4
2026-06-02 12:57:04,69038.5,1975.57
2026-06-02 12:57:05,69024.6,1975.32
2026-06-02 12:57:06,69024.7,1975.33
2026-06-02 12:57:07,69024.6,1975.32
2026-06-02 12:57:08,69024.7,1975.32
2026-06-02 12:57:09,69016.0,1975.08
2026-06-02 12:57:10,69016.0,1975.07
2026-06-02 12:57:11,69016.1,1975.07
2026-06-02 12:57:12,69016.1,1975.08
2026-06-02 12:57:13,69016.1,1975.08
2026-06-02 12:57:14,69016.1,1975.07
2026-06-02 12:57:15,69016.1,1975.07
2026-06-02 12:57:16,69016.1,1975.08
2026-06-02 12:57:17,69016.1,1975.08
2026-06-02 12:57:18,69011.1,1975.07
2026-06-02 12:57:19,69011.1,1975.07
2026-06-02 12:57:20,69011.1,1975.07
2026-06-02 12:57:21,69011.1,1975.08
2026-06-02 12:57:22,69015.8,1975.08
2026-06-02 12:57:23,69015.9,1975.07
2026-06-02 12:57:24,69016.6,1975.08
2026-06-02 12:57:25,69016.7,1975.08
2026-06-02 12:57:26,69018.0,1975.11
2026-06-02 12:57:27,69019.9,1975.11
2026-06-02 12:57:28,69024.8,1975.21
2026-06-02 12:57:29,69024.8,1975.21
2026-06-02 12:57:30,69024.7,1975.22
2026-06-02 12:57:31,69024.8,1975.22
2026-06-02 12:57:32,69024.8,1975.21
2026-06-02 12:57:33,69024.7,1975.21
2026-06-02 12:57:34,69024.7,1975.22
2026-06-02 12:57:35,69024.8,1975.21
2026-06-02 12:57:36,69024.8,1975.21
2026-06-02 12:57:37,69024.8,1975.22
2026-06-02 12:57:38,69024.8,1975.22
2026-06-02 12:57:39,69024.7,1975.22
2026-06-02 12:57:40,69024.7,1975.22
2026-06-02 12:57:41,69024.7,1975.22
2026-06-02 12:57:42,69029.5,1975.22
2026-06-02 12:57:43,69029.9,1975.23
2026-06-02 12:57:44,69030.8,1975.3
2026-06-02 12:57:45,69033.6,1975.47
2026-06-02 12:57:46,69034.0,1975.47
2026-06-02 12:57:47,69037.4,1975.47
2026-06-02 12:57:48,69037.5,1975.47
2026-06-02 12:57:49,69037.4,1975.48
2026-06-02 12:57:50,69037.5,1975.48
2026-06-02 12:57:51,69037.4,1975.48
2026-06-02 12:57:52,69037.9,1975.47
2026-06-02 12:57:53,69037.8,1975.48
2026-06-02 12:57:54,69037.9,1975.48
2026-06-02 12:57:55,69037.9,1975.48
2026-06-02 12:57:56,69037.9,1975.48
2026-06-02 12:57:57,69037.8,1975.47
2026-06-02 12:57:58,69037.8,1975.47
2026-06-02 12:57:59,69037.9,1975.47
2026-06-02 12:58:00,69037.9,1975.48
2026-06-02 12:58:01,69027.2,1975.47
2026-06-02 12:58:02,69024.9,1975.48
2026-06-02 12:58:03,69024.8,1975.47
2026-06-02 12:58:04,69024.9,1975.47
2026-06-02 12:58:05,69024.9,1975.48
2026-06-02 12:58:06,69024.8,1975.47
2026-06-02 12:58:07,69024.9,1975.47
2026-06-02 12:58:08,69024.9,1975.47
2026-06-02 12:58:09,69024.9,1975.48
2026-06-02 12:58:10,69028.0,1975.72
2026-06-02 12:58:11,69027.9,1975.72
2026-06-02 12:58:12,69028.0,1975.73
2026-06-02 12:58:13,69027.9,1975.73
2026-06-02 12:58:14,69028.0,1975.73
2026-06-02 12:58:15,69031.3,1975.73
2026-06-02 12:58:16,69028.1,1975.72
2026-06-02 12:58:17,69028.0,1975.68
2026-06-02 12:58:18,69028.0,1975.61
2026-06-02 12:58:19,69028.0,1975.59
2026-06-02 12:58:20,69028.0,1975.58
2026-06-02 12:58:21,69028.0,1975.59
2026-06-02 12:58:22,69027.9,1975.58
2026-06-02 12:58:23,69027.9,1975.59
2026-06-02 12:58:24,69019.9,1975.58
2026-06-02 12:58:25,69023.4,1975.98
2026-06-02 12:58:26,69023.3,1975.97
2026-06-02 12:58:27,69027.3,1975.97
2026-06-02 12:58:28,69027.3,1975.98
2026-06-02 12:58:29,69027.2,1975.98
2026-06-02 12:58:30,69030.0,1975.97
2026-06-02 12:58:31,69029.9,1975.97
2026-06-02 12:58:32,69030.0,1975.97
2026-06-02 12:58:33,69029.9,1975.98
2026-06-02 12:58:34,69029.9,1975.97
2026-06-02 12:58:35,69030.0,1976.5
2026-06-02 12:58:36,69029.9,1976.5
2026-06-02 12:58:37,69030.0,1976.51
2026-06-02 12:58:38,69030.0,1976.51
2026-06-02 12:58:39,69030.0,1976.5
2026-06-02 12:58:40,69029.9,1976.51
2026-06-02 12:58:41,69030.0,1976.51
2026-06-02 12:58:42,69030.0,1976.51
2026-06-02 12:58:43,69037.9,1976.68
2026-06-02 12:58:44,69037.8,1976.82
2026-06-02 12:58:45,69043.5,1976.99
2026-06-02 12:58:46,69043.5,1976.99
2026-06-02 12:58:47,69043.5,1976.99
2026-06-02 12:58:48,69049.9,1977.2
2026-06-02 12:58:49,69050.0,1977.19
2026-06-02 12:58:50,69050.0,1977.2
2026-06-02 12:58:51,69056.3,1977.32
2026-06-02 12:58:52,69059.8,1977.38
2026-06-02 12:58:53,69062.9,1977.39
2026-06-02 12:58:54,69062.9,1977.43
2026-06-02 12:58:55,69062.9,1977.44
2026-06-02 12:58:56,69062.9,1977.44
2026-06-02 12:58:57,69062.9,1977.44
2026-06-02 12:58:58,69063.0,1977.44
2026-06-02 12:58:59,69063.0,1977.44
2026-06-02 12:59:00,69063.0,1977.44
2026-06-02 12:59:01,69051.7,1977.3
2026-06-02 12:59:02,69051.6,1977.29
2026-06-02 12:59:03,69051.7,1977.21
2026-06-02 12:59:04,69051.7,1977.22
2026-06-02 12:59:05,69051.7,1977.22
2026-06-02 12:59:06,69047.6,1977.22
2026-06-02 12:59:07,69047.7,1977.21
2026-06-02 12:59:08,69047.6,1977.21
2026-06-02 12:59:09,69047.7,1977.21
2026-06-02 12:59:10,69047.7,1977.22
2026-06-02 12:59:11,69042.2,1977.22
2026-06-02 12:59:12,69042.1,1977.22
2026-06-02 12:59:13,69042.2,1977.21
2026-06-02 12:59:14,69042.1,1977.19
2026-06-02 12:59:15,69042.2,1977.19
2026-06-02 12:59:16,69042.2,1977.02
2026-06-02 12:59:17,69042.1,1977.02
2026-06-02 12:59:18,69040.0,1977.02
2026-06-02 12:59:19,69040.1,1977.01
2026-06-02 12:59:20,69040.1,1977.01
2026-06-02 12:59:21,69032.7,1977.02
2026-06-02 12:59:22,69032.6,1977.02
2026-06-02 12:59:23,69032.7,1977.02
2026-06-02 12:59:24,69032.7,1977.02
2026-06-02 12:59:25,69034.2,1977.16
2026-06-02 12:59:26,69034.2,1977.16
2026-06-02 12:59:27,69034.2,1977.15
2026-06-02 12:59:28,69034.3,1977.15
2026-06-02 12:59:29,69034.3,1977.15
2026-06-02 12:59:30,69034.3,1977.16
2026-06-02 12:59:31,69034.3,1977.16
2026-06-02 12:59:32,69034.2,1977.37
2026-06-02 12:59:33,69034.3,1977.38
2026-06-02 12:59:34,69034.3,1977.38
2026-06-02 12:59:35,69034.3,1977.38
2026-06-02 12:59:36,69027.4,1977.13
2026-06-02 12:59:37,69027.3,1977.13
2026-06-02 12:59:38,69020.5,1976.89
2026-06-02 12:59:39,69015.1,1976.64
2026-06-02 12:59:40,69007.7,1976.54
2026-06-02 12:59:41,69004.1,1976.4
2026-06-02 12:59:42,69004.0,1976.41
2026-06-02 12:59:43,69004.0,1976.41
2026-06-02 12:59:44,69008.8,1976.41
2026-06-02 12:59:45,69008.8,1976.7
2026-06-02 12:59:46,69015.1,1976.75
2026-06-02 12:59:47,69015.0,1976.74
2026-06-02 12:59:48,69015.1,1976.75
2026-06-02 12:59:49,69015.0,1976.75
2026-06-02 12:59:50,69008.6,1976.42
2026-06-02 12:59:51,69004.3,1976.27
2026-06-02 12:59:52,69004.3,1976.27
2026-06-02 12:59:53,69004.3,1976.05
2026-06-02 12:59:54,69004.4,1976.03
2026-06-02 12:59:55,69003.7,1975.82
2026-06-02 12:59:56,69003.6,1975.81
2026-06-02 12:59:57,68997.1,1975.89
2026-06-02 12:59:58,68972.9,1975.4
2026-06-02 12:59:59,68985.5,1975.57
2026-06-02 13:00:00,68974.3,1975.54
2026-06-02 13:00:01,68960.1,1975.21
2026-06-02 13:00:02,68964.3,1975.39
2026-06-02 13:00:03,68960.4,1975.43
2026-06-02 13:00:04,68964.5,1975.54
2026-06-02 13:00:05,68957.8,1975.21
2026-06-02 13:00:06,68957.8,1975.31
2026-06-02 13:00:07,68957.8,1975.3
2026-06-02 13:00:08,68957.8,1975.3
2026-06-02 13:00:09,68955.1,1975.3
2026-06-02 13:00:10,68974.9,1975.84
2026-06-02 13:00:11,68997.7,1976.39
2026-06-02 13:00:12,68999.9,1976.38
2026-06-02 13:00:13,69010.4,1976.39
2026-06-02 13:00:14,69003.1,1976.38
2026-06-02 13:00:15,68990.6,1975.94
2026-06-02 13:00:16,68995.8,1975.94
2026-06-02 13:00:17,69000.4,1976.1
2026-06-02 13:00:18,69008.8,1976.32
2026-06-02 13:00:19,69010.6,1976.31
2026-06-02 13:00:20,69012.3,1976.32
2026-06-02 13:00:21,69014.7,1976.58
2026-06-02 13:00:22,69014.7,1976.58
2026-06-02 13:00:23,69024.9,1976.74
2026-06-02 13:00:24,69034.5,1976.75
2026-06-02 13:00:25,69030.6,1976.52
2026-06-02 13:00:26,69023.6,1976.48
2026-06-02 13:00:27,69032.2,1976.5
2026-06-02 13:00:28,69026.1,1976.69
2026-06-02 13:00:29,69031.2,1976.85
2026-06-02 13:00:30,68969.0,1975.63
2026-06-02 13:00:31,68965.1,1975.5
2026-06-02 13:00:32,68965.1,1975.42
2026-06-02 13:00:33,68948.1,1975.06
2026-06-02 13:00:34,68948.8,1975.04
2026-06-02 13:00:35,68948.7,1975.04
2026-06-02 13:00:36,68940.9,1975.01
2026-06-02 13:00:37,68946.1,1975.04
2026-06-02 13:00:38,68946.1,1975.04
2026-06-02 13:00:39,68946.1,1975.03
2026-06-02 13:00:40,68940.9,1975.01
2026-06-02 13:00:41,68935.0,1975.0
2026-06-02 13:00:42,68935.1,1975.0
2026-06-02 13:00:43,68942.1,1975.06
2026-06-02 13:00:44,68941.3,1975.31
2026-06-02 13:00:45,68955.2,1975.5
2026-06-02 13:00:46,68955.2,1975.51
2026-06-02 13:00:47,68953.5,1975.54
2026-06-02 13:00:48,68963.9,1975.73
2026-06-02 13:00:49,68967.2,1975.73
2026-06-02 13:00:50,68976.0,1975.94
2026-06-02 13:00:51,68972.7,1975.82
2026-06-02 13:00:52,68933.6,1975.32
2026-06-02 13:00:53,68929.6,1975.19
2026-06-02 13:00:54,68938.5,1975.43
2026-06-02 13:00:55,68938.6,1975.43
2026-06-02 13:00:56,68938.4,1975.26
2026-06-02 13:00:57,68924.0,1974.91
2026-06-02 13:00:58,68928.3,1975.16
2026-06-02 13:00:59,68944.9,1975.33
2026-06-02 13:01:00,68918.9,1974.92
2026-06-02 13:01:01,68919.0,1974.91
2026-06-02 13:01:02,68924.9,1975.15
2026-06-02 13:01:03,68924.8,1975.16
2026-06-02 13:01:04,68931.0,1975.35
2026-06-02 13:01:05,68937.5,1975.41
2026-06-02 13:01:06,68933.5,1975.25
2026-06-02 13:01:07,68929.7,1975.2
2026-06-02 13:01:08,68925.5,1975.2
2026-06-02 13:01:09,68937.6,1975.61
2026-06-02 13:01:10,68937.6,1975.6
2026-06-02 13:01:11,68937.5,1975.6
2026-06-02 13:01:12,68925.5,1975.22
2026-06-02 13:01:13,68925.6,1975.03
2026-06-02 13:01:14,68912.1,1974.72
2026-06-02 13:01:15,68911.7,1974.77
2026-06-02 13:01:16,68914.3,1974.96
2026-06-02 13:01:17,68922.0,1974.98
2026-06-02 13:01:18,68915.9,1974.84
2026-06-02 13:01:19,68915.9,1974.94
2026-06-02 13:01:20,68924.8,1974.99
2026-06-02 13:01:21,68920.7,1975.06
2026-06-02 13:01:22,68929.2,1975.62
2026-06-02 13:01:23,68929.1,1975.62
2026-06-02 13:01:24,68931.8,1975.73
2026-06-02 13:01:25,68934.7,1975.82
2026-06-02 13:01:26,68949.1,1975.94
2026-06-02 13:01:27,68946.9,1975.98
2026-06-02 13:01:28,68933.5,1975.47
2026-06-02 13:01:29,68935.8,1975.43
2026-06-02 13:01:30,68935.7,1975.44
2026-06-02 13:01:31,68942.2,1975.59
2026-06-02 13:01:32,68950.0,1975.78
2026-06-02 13:01:33,68950.0,1975.78
2026-06-02 13:01:34,68963.1,1975.9
2026-06-02 13:01:35,68981.9,1976.61
2026-06-02 13:01:36,68988.3,1976.85
2026-06-02 13:01:37,68988.2,1976.56
2026-06-02 13:01:38,68976.6,1976.37
2026-06-02 13:01:39,68983.4,1976.57
2026-06-02 13:01:40,68984.8,1976.56
2026-06-02 13:01:41,68984.7,1976.56
2026-06-02 13:01:42,68984.8,1976.56
2026-06-02 13:01:43,68984.8,1976.56
2026-06-02 13:01:44,68984.8,1976.57
2026-06-02 13:01:45,68984.8,1976.57
2026-06-02 13:01:46,68984.8,1976.57
2026-06-02 13:01:47,68984.8,1976.62
2026-06-02 13:01:48,68988.1,1976.62
2026-06-02 13:01:49,69011.2,1977.15
2026-06-02 13:01:50,69011.2,1977.03
2026-06-02 13:01:51,69002.7,1976.73
2026-06-02 13:01:52,69002.8,1976.68
2026-06-02 13:01:53,69006.1,1976.69
2026-06-02 13:01:54,69000.2,1976.22
2026-06-02 13:01:55,68999.0,1976.31
2026-06-02 13:01:56,68999.0,1976.37
2026-06-02 13:01:57,68999.7,1976.36
2026-06-02 13:01:58,69004.9,1976.52
2026-06-02 13:01:59,69004.8,1976.37
2026-06-02 13:02:00,69004.9,1976.37
2026-06-02 13:02:01,69008.9,1976.38
2026-06-02 13:02:02,69015.0,1976.61
2026-06-02 13:02:03,69021.9,1976.88
2026-06-02 13:02:04,69026.1,1976.89
2026-06-02 13:02:05,69022.1,1976.8
2026-06-02 13:02:06,69022.1,1976.8
2026-06-02 13:02:07,69027.4,1976.94
2026-06-02 13:02:08,69071.5,1977.86
2026-06-02 13:02:09,69088.6,1978.18
2026-06-02 13:02:10,69071.5,1977.79
2026-06-02 13:02:11,69069.7,1977.62
2026-06-02 13:02:12,69073.1,1977.67
2026-06-02 13:02:13,69086.3,1978.09
2026-06-02 13:02:14,69089.2,1978.22
2026-06-02 13:02:15,69094.0,1978.39
2026-06-02 13:02:16,69099.8,1978.56
2026-06-02 13:02:17,69097.6,1978.57
2026-06-02 13:02:18,69097.7,1978.68
2026-06-02 13:02:19,69093.8,1978.34
2026-06-02 13:02:20,69088.8,1978.2
2026-06-02 13:02:21,69112.3,1978.31
2026-06-02 13:02:22,69107.6,1978.64
2026-06-02 13:02:23,69107.5,1978.65
2026-06-02 13:02:24,69104.3,1978.65
2026-06-02 13:02:25,69097.2,1978.41
2026-06-02 13:02:26,69122.7,1978.94
2026-06-02 13:02:27,69128.4,1978.95
2026-06-02 13:02:28,69128.9,1978.67
2026-06-02 13:02:29,69141.8,1978.92
2026-06-02 13:02:30,69132.3,1978.77
2026-06-02 13:02:31,69140.3,1978.7
2026-06-02 13:02:32,69135.7,1978.54
2026-06-02 13:02:33,69139.6,1978.5
2026-06-02 13:02:34,69132.2,1978.24
2026-06-02 13:02:35,69126.1,1978.19
2026-06-02 13:02:36,69126.0,1978.2
2026-06-02 13:02:37,69126.1,1978.2
2026-06-02 13:02:38,69125.0,1978.19
2026-06-02 13:02:39,69126.0,1978.63
2026-06-02 13:02:40,69138.6,1978.75
2026-06-02 13:02:41,69138.5,1978.61
2026-06-02 13:02:42,69132.8,1978.33
2026-06-02 13:02:43,69128.6,1978.21
2026-06-02 13:02:44,69126.3,1978.1
2026-06-02 13:02:45,69112.4,1977.96
2026-06-02 13:02:46,69114.7,1977.92
2026-06-02 13:02:47,69135.6,1978.1
2026-06-02 13:02:48,69149.8,1978.54
2026-06-02 13:02:49,69150.0,1978.66
2026-06-02 13:02:50,69150.0,1978.67
2026-06-02 13:02:51,69144.3,1978.67
2026-06-02 13:02:52,69137.0,1978.45
2026-06-02 13:02:53,69137.0,1978.44
2026-06-02 13:02:54,69138.3,1978.67
2026-06-02 13:02:55,69143.4,1978.87
2026-06-02 13:02:56,69139.7,1978.75
2026-06-02 13:02:57,69139.8,1978.74
2026-06-02 13:02:58,69139.8,1978.87
2026-06-02 13:02:59,69147.8,1978.94
2026-06-02 13:03:00,69137.3,1978.94
2026-06-02 13:03:01,69125.7,1978.66
2026-06-02 13:03:02,69132.4,1978.67
2026-06-02 13:03:03,69146.1,1978.88
2026-06-02 13:03:04,69146.1,1978.88
2026-06-02 13:03:05,69150.9,1978.94
2026-06-02 13:03:06,69150.8,1978.93
2026-06-02 13:03:07,69157.4,1979.21
2026-06-02 13:03:08,69155.2,1979.21
2026-06-02 13:03:09,69146.2,1978.94
2026-06-02 13:03:10,69146.2,1978.93
2026-06-02 13:03:11,69146.1,1978.94
2026-06-02 13:03:12,69146.2,1978.83
2026-06-02 13:03:13,69140.0,1978.65
2026-06-02 13:03:14,69134.2,1978.44
2026-06-02 13:03:15,69129.0,1978.24
2026-06-02 13:03:16,69125.2,1978.05
2026-06-02 13:03:17,69125.1,1978.05
2026-06-02 13:03:18,69123.2,1978.04
2026-06-02 13:03:19,69116.9,1978.03
2026-06-02 13:03:20,69117.0,1977.99
2026-06-02 13:03:21,69115.0,1977.79
2026-06-02 13:03:22,69093.6,1977.32
2026-06-02 13:03:23,69088.1,1977.24
2026-06-02 13:03:24,69082.1,1977.23
2026-06-02 13:03:25,69080.1,1977.24
2026-06-02 13:03:26,69075.3,1977.23
2026-06-02 13:03:27,69075.3,1977.01
2026-06-02 13:03:28,69072.7,1976.79
2026-06-02 13:03:29,69071.6,1976.72
2026-06-02 13:03:30,69087.0,1976.97
2026-06-02 13:03:31,69087.0,1976.97
2026-06-02 13:03:32,69087.1,1976.98
2026-06-02 13:03:33,69087.1,1976.97
2026-06-02 13:03:34,69087.0,1976.98
2026-06-02 13:03:35,69082.8,1976.85
2026-06-02 13:03:36,69086.1,1976.86
2026-06-02 13:03:37,69086.1,1976.85
2026-06-02 13:03:38,69086.1,1976.86
2026-06-02 13:03:39,69096.3,1976.96
2026-06-02 13:03:40,69104.0,1976.87
2026-06-02 13:03:41,69108.8,1976.87
2026-06-02 13:03:42,69115.1,1977.35
2026-06-02 13:03:43,69115.0,1977.39
2026-06-02 13:03:44,69113.5,1977.39
2026-06-02 13:03:45,69114.9,1977.39
2026-06-02 13:03:46,69109.0,1977.26
2026-06-02 13:03:47,69105.5,1977.25
2026-06-02 13:03:48,69105.5,1977.25
2026-06-02 13:03:49,69105.5,1977.26
2026-06-02 13:03:50,69100.0,1977.01
2026-06-02 13:03:51,69100.1,1977.11
2026-06-02 13:03:52,69100.0,1977.13
2026-06-02 13:03:53,69058.0,1976.47
2026-06-02 13:03:54,69092.4,1976.92
2026-06-02 13:03:55,69090.7,1976.92
2026-06-02 13:03:56,69090.7,1976.92
2026-06-02 13:03:57,69090.7,1976.92
2026-06-02 13:03:58,69090.6,1976.93
2026-06-02 13:03:59,69090.7,1976.92
2026-06-02 13:04:00,69089.6,1976.8
2026-06-02 13:04:01,69086.1,1976.79
2026-06-02 13:04:02,69085.5,1976.67
2026-06-02 13:04:03,69084.6,1976.5
2026-06-02 13:04:04,69084.6,1976.51
2026-06-02 13:04:05,69075.3,1976.24
2026-06-02 13:04:06,69075.4,1976.24
2026-06-02 13:04:07,69075.3,1976.25
2026-06-02 13:04:08,69074.9,1976.24
2026-06-02 13:04:09,69074.9,1976.24
2026-06-02 13:04:10,69064.0,1975.96
2026-06-02 13:04:11,69064.1,1975.9
2026-06-02 13:04:12,69066.0,1976.14
2026-06-02 13:04:13,69063.0,1976.06
2026-06-02 13:04:14,69062.9,1976.06
2026-06-02 13:04:15,69058.1,1975.94
2026-06-02 13:04:16,69058.1,1975.75
2026-06-02 13:04:17,69050.7,1975.74
2026-06-02 13:04:18,69088.7,1976.43
2026-06-02 13:04:19,69094.3,1976.44
2026-06-02 13:04:20,69094.3,1976.44
2026-06-02 13:04:21,69105.0,1976.71
2026-06-02 13:04:22,69105.0,1976.71
2026-06-02 13:04:23,69109.2,1976.73
2026-06-02 13:04:24,69115.2,1976.88
2026-06-02 13:04:25,69115.3,1976.88
2026-06-02 13:04:26,69109.6,1976.88
2026-06-02 13:04:27,69109.2,1976.88
2026-06-02 13:04:28,69105.1,1976.87
2026-06-02 13:04:29,69105.2,1976.87
2026-06-02 13:04:30,69105.2,1976.88
2026-06-02 13:04:31,69104.8,1976.88
2026-06-02 13:04:32,69104.7,1976.88
2026-06-02 13:04:33,69104.8,1976.84
2026-06-02 13:04:34,69104.8,1976.81
2026-06-02 13:04:35,69099.0,1976.71
2026-06-02 13:04:36,69090.2,1976.47
2026-06-02 13:04:37,69084.8,1976.27
2026-06-02 13:04:38,69081.9,1976.28
2026-06-02 13:04:39,69081.8,1976.27
2026-06-02 13:04:40,69081.9,1976.27
2026-06-02 13:04:41,69081.9,1976.27
2026-06-02 13:04:42,69081.8,1976.28
2026-06-02 13:04:43,69081.9,1976.51
2026-06-02 13:04:44,69096.5,1976.63
2026-06-02 13:04:45,69096.6,1976.63
2026-06-02 13:04:46,69096.6,1976.63
2026-06-02 13:04:47,69099.8,1976.64
2026-06-02 13:04:48,69099.9,1976.63
2026-06-02 13:04:49,69086.6,1976.5
2026-06-02 13:04:50,69086.6,1976.5
2026-06-02 13:04:51,69086.6,1976.5
2026-06-02 13:04:52,69080.0,1976.26
2026-06-02 13:04:53,69080.1,1976.25
2026-06-02 13:04:54,69080.0,1976.26
2026-06-02 13:04:55,69080.0,1976.26
2026-06-02 13:04:56,69080.1,1976.5
2026-06-02 13:04:57,69080.1,1976.5
2026-06-02 13:04:58,69085.3,1976.63
2026-06-02 13:04:59,69085.2,1976.64
2026-06-02 13:05:00,69089.5,1976.63
2026-06-02 13:05:01,69089.6,1976.63
2026-06-02 13:05:02,69089.6,1976.64
2026-06-02 13:05:03,69089.6,1976.63
2026-06-02 13:05:04,69086.8,1976.63
2026-06-02 13:05:05,69086.9,1976.63
2026-06-02 13:05:06,69089.0,1976.63
2026-06-02 13:05:07,69089.0,1976.64
2026-06-02 13:05:08,69077.7,1976.34
2026-06-02 13:05:09,69074.3,1976.3
2026-06-02 13:05:10,69070.1,1976.3
2026-06-02 13:05:11,69073.9,1976.3
2026-06-02 13:05:12,69079.6,1976.5
2026-06-02 13:05:13,69079.5,1976.5
2026-06-02 13:05:14,69077.8,1976.5
2026-06-02 13:05:15,69083.0,1976.6
2026-06-02 13:05:16,69098.9,1976.94
2026-06-02 13:05:17,69094.9,1976.93
2026-06-02 13:05:18,69085.6,1976.72
2026-06-02 13:05:19,69079.3,1976.51
2026-06-02 13:05:20,69075.8,1976.51
2026-06-02 13:05:21,69075.8,1976.51
2026-06-02 13:05:22,69075.8,1976.51
2026-06-02 13:05:23,69072.0,1976.36
2026-06-02 13:05:24,69071.9,1976.42
2026-06-02 13:05:25,69071.5,1976.42
2026-06-02 13:05:26,69071.5,1976.41
2026-06-02 13:05:27,69071.4,1976.42
2026-06-02 13:05:28,69066.7,1976.42
2026-06-02 13:05:29,69066.8,1976.42
2026-06-02 13:05:30,69063.0,1976.41
2026-06-02 13:05:31,69063.1,1976.42
2026-06-02 13:05:32,69063.0,1976.41
2026-06-02 13:05:33,69063.0,1976.41
2026-06-02 13:05:34,69059.9,1976.42
2026-06-02 13:05:35,69059.8,1976.42
2026-06-02 13:05:36,69059.9,1976.49
2026-06-02 13:05:37,69059.9,1976.5
2026-06-02 13:05:38,69059.9,1976.5
2026-06-02 13:05:39,69059.9,1976.49
2026-06-02 13:05:40,69059.8,1976.49
2026-06-02 13:05:41,69061.2,1976.49
2026-06-02 13:05:42,69063.0,1976.48
2026-06-02 13:05:43,69083.0,1976.96
2026-06-02 13:05:44,69082.9,1976.96
2026-06-02 13:05:45,69082.9,1976.96
2026-06-02 13:05:46,69083.0,1976.96
2026-06-02 13:05:47,69082.9,1976.95
2026-06-02 13:05:48,69083.0,1976.96
2026-06-02 13:05:49,69082.9,1976.95
2026-06-02 13:05:50,69083.0,1976.95
2026-06-02 13:05:51,69083.0,1976.95
2026-06-02 13:05:52,69083.0,1976.96
2026-06-02 13:05:53,69091.2,1976.97
2026-06-02 13:05:54,69091.2,1976.99
2026-06-02 13:05:55,69091.1,1977.2
2026-06-02 13:05:56,69083.0,1976.76
2026-06-02 13:05:57,69082.9,1976.76
2026-06-02 13:05:58,69077.5,1976.65
2026-06-02 13:05:59,69077.4,1976.66
2026-06-02 13:06:00,69068.6,1976.54
2026-06-02 13:06:01,69068.7,1976.53
2026-06-02 13:06:02,69068.6,1976.53
2026-06-02 13:06:03,69068.7,1976.54
2026-06-02 13:06:04,69068.7,1976.53
2026-06-02 13:06:05,69068.6,1976.53
2026-06-02 13:06:06,69068.6,1976.54
2026-06-02 13:06:07,69082.7,1977.11
2026-06-02 13:06:08,69082.8,1977.11
2026-06-02 13:06:09,69082.7,1977.1
2026-06-02 13:06:10,69089.4,1977.39
2026-06-02 13:06:11,69099.9,1977.61
2026-06-02 13:06:12,69099.8,1977.62
2026-06-02 13:06:13,69099.9,1977.62
2026-06-02 13:06:14,69087.0,1977.34
2026-06-02 13:06:15,69087.0,1977.42
2026-06-02 13:06:16,69087.0,1977.32
2026-06-02 13:06:17,69086.9,1977.33
2026-06-02 13:06:18,69087.0,1977.21
2026-06-02 13:06:19,69082.6,1977.21
2026-06-02 13:06:20,69080.9,1977.2
2026-06-02 13:06:21,69080.8,1977.21
2026-06-02 13:06:22,69080.9,1977.2
2026-06-02 13:06:23,69073.5,1977.05
2026-06-02 13:06:24,69070.0,1977.05
2026-06-02 13:06:25,69055.7,1976.59
2026-06-02 13:06:26,69048.2,1976.29
2026-06-02 13:06:27,69043.8,1976.26
2026-06-02 13:06:28,69042.8,1976.25
2026-06-02 13:06:29,69042.8,1976.24
2026-06-02 13:06:30,69042.8,1976.25
2026-06-02 13:06:31,69049.1,1976.25
2026-06-02 13:06:32,69049.0,1976.24
2026-06-02 13:06:33,69049.1,1976.25
2026-06-02 13:06:34,69049.0,1976.24
2026-06-02 13:06:35,69049.0,1976.25
2026-06-02 13:06:36,69049.0,1976.25
2026-06-02 13:06:37,69043.0,1976.21
2026-06-02 13:06:38,69043.0,1976.22
2026-06-02 13:06:39,69043.0,1976.22
2026-06-02 13:06:40,69043.0,1976.22
2026-06-02 13:06:41,69045.8,1976.08
2026-06-02 13:06:42,69043.0,1976.01
2026-06-02 13:06:43,69035.6,1976.0
2026-06-02 13:06:44,69035.6,1975.77
2026-06-02 13:06:45,69035.7,1975.69
2026-06-02 13:06:46,69035.6,1975.7
2026-06-02 13:06:47,69022.8,1975.42
2026-06-02 13:06:48,69019.1,1975.38
2026-06-02 13:06:49,69017.6,1975.26
2026-06-02 13:06:50,69015.1,1975.14
2026-06-02 13:06:51,69011.0,1975.15
2026-06-02 13:06:52,69011.1,1975.14
2026-06-02 13:06:53,69004.9,1975.01
2026-06-02 13:06:54,69002.5,1975.01
2026-06-02 13:06:55,69002.4,1975.0
2026-06-02 13:06:56,69002.5,1975.01
2026-06-02 13:06:57,69002.4,1975.0
2026-06-02 13:06:58,69009.1,1975.11
2026-06-02 13:06:59,69007.8,1975.11
2026-06-02 13:07:00,69005.8,1975.11
2026-06-02 13:07:01,69005.9,1975.1
2026-06-02 13:07:02,68999.8,1975.1
2026-06-02 13:07:03,68999.9,1975.01
2026-06-02 13:07:04,68999.9,1975.02
2026-06-02 13:07:05,69005.8,1975.1
2026-06-02 13:07:06,69004.7,1975.01
2026-06-02 13:07:07,69004.7,1975.02
2026-06-02 13:07:08,69004.7,1975.02
2026-06-02 13:07:09,69004.6,1975.02
2026-06-02 13:07:10,69002.9,1975.01
2026-06-02 13:07:11,69002.8,1975.02
2026-06-02 13:07:12,68988.3,1974.77
2026-06-02 13:07:13,68981.9,1974.78
2026-06-02 13:07:14,68980.2,1974.68
2026-06-02 13:07:15,68980.2,1974.68
2026-06-02 13:07:16,68980.3,1974.68
2026-06-02 13:07:17,68980.3,1974.68
2026-06-02 13:07:18,68979.4,1974.66
2026-06-02 13:07:19,68989.1,1974.79
2026-06-02 13:07:20,68989.2,1974.79
2026-06-02 13:07:21,69004.6,1975.11
2026-06-02 13:07:22,69004.7,1975.1
2026-06-02 13:07:23,69011.3,1975.21
2026-06-02 13:07:24,69019.8,1975.29
2026-06-02 13:07:25,69035.6,1975.77
2026-06-02 13:07:26,69036.9,1975.88
2026-06-02 13:07:27,69037.0,1975.89
2026-06-02 13:07:28,69037.0,1975.88
2026-06-02 13:07:29,69037.0,1975.74
2026-06-02 13:07:30,69040.0,1975.88
2026-06-02 13:07:31,69043.0,1975.96
2026-06-02 13:07:32,69036.8,1976.01
2026-06-02 13:07:33,69036.8,1976.0
2026-06-02 13:07:34,69035.7,1976.0
2026-06-02 13:07:35,69036.7,1975.98
2026-06-02 13:07:36,69036.8,1975.98
2026-06-02 13:07:37,69036.8,1975.86
2026-06-02 13:07:38,69030.6,1975.85
2026-06-02 13:07:39,69030.6,1975.96
2026-06-02 13:07:40,69030.5,1975.96
2026-06-02 13:07:41,69030.6,1975.96
2026-06-02 13:07:42,69030.6,1975.97
2026-06-02 13:07:43,69030.6,1975.96
2026-06-02 13:07:44,69036.7,1976.4
2026-06-02 13:07:45,69036.7,1976.39
2026-06-02 13:07:46,69036.7,1976.39
2026-06-02 13:07:47,69030.1,1976.4
2026-06-02 13:07:48,69040.0,1976.59
2026-06-02 13:07:49,69040.0,1976.46
2026-06-02 13:07:50,69031.2,1976.47
2026-06-02 13:07:51,69031.2,1976.46
2026-06-02 13:07:52,69031.2,1976.46
2026-06-02 13:07:53,69031.2,1976.47
2026-06-02 13:07:54,69031.1,1976.47
2026-06-02 13:07:55,69031.1,1976.46
2026-06-02 13:07:56,69031.1,1976.46
2026-06-02 13:07:57,69030.5,1976.34
2026-06-02 13:07:58,69021.7,1976.33
2026-06-02 13:07:59,69017.1,1976.21
2026-06-02 13:08:00,69017.1,1976.22
2026-06-02 13:08:01,69012.6,1976.06
2026-06-02 13:08:02,69005.9,1975.84
2026-06-02 13:08:03,69004.1,1975.84
2026-06-02 13:08:04,69000.0,1975.6
2026-06-02 13:08:05,69000.1,1975.6
2026-06-02 13:08:06,68989.2,1975.42
2026-06-02 13:08:07,68989.2,1975.41
2026-06-02 13:08:08,68985.1,1975.23
2026-06-02 13:08:09,68979.4,1975.12
2026-06-02 13:08:10,68979.4,1975.11
2026-06-02 13:08:11,68979.3,1975.11
2026-06-02 13:08:12,68965.2,1974.82
2026-06-02 13:08:13,68965.3,1974.83
2026-06-02 13:08:14,68965.2,1974.82
2026-06-02 13:08:15,68956.0,1974.58
2026-06-02 13:08:16,68964.9,1974.71
2026-06-02 13:08:17,68970.9,1974.79
2026-06-02 13:08:18,68971.0,1974.8
2026-06-02 13:08:19,68971.0,1974.8
2026-06-02 13:08:20,68973.5,1974.9
2026-06-02 13:08:21,68976.9,1974.86
2026-06-02 13:08:22,68976.9,1974.99
2026-06-02 13:08:23,68985.0,1975.1
2026-06-02 13:08:24,68985.1,1975.1
2026-06-02 13:08:25,68985.1,1975.1
2026-06-02 13:08:26,68985.2,1975.11
2026-06-02 13:08:27,68985.2,1975.11
2026-06-02 13:08:28,68985.1,1975.11
2026-06-02 13:08:29,68974.7,1974.77
2026-06-02 13:08:30,68968.1,1974.45
2026-06-02 13:08:31,68984.9,1974.81
2026-06-02 13:08:32,68978.3,1974.8
2026-06-02 13:08:33,68970.8,1974.54
2026-06-02 13:08:34,68965.8,1974.35
2026-06-02 13:08:35,68968.9,1974.5
2026-06-02 13:08:36,68970.5,1974.68
2026-06-02 13:08:37,68973.3,1974.68
2026-06-02 13:08:38,68973.4,1974.68
2026-06-02 13:08:39,68973.4,1974.67
2026-06-02 13:08:40,68976.8,1974.68
2026-06-02 13:08:41,68976.9,1974.67
2026-06-02 13:08:42,68976.9,1974.67
2026-06-02 13:08:43,68972.1,1974.22
2026-06-02 13:08:44,68980.2,1974.37
2026-06-02 13:08:45,68974.3,1974.09
2026-06-02 13:08:46,68989.1,1974.4
2026-06-02 13:08:47,68992.5,1974.54
2026-06-02 13:08:48,69012.9,1974.84
2026-06-02 13:08:49,69012.2,1974.99
2026-06-02 13:08:50,69012.2,1974.99
2026-06-02 13:08:51,69004.2,1974.72
2026-06-02 13:08:52,69007.1,1974.92
2026-06-02 13:08:53,68993.5,1974.56
2026-06-02 13:08:54,68993.5,1974.54
2026-06-02 13:08:55,68993.5,1974.53
2026-06-02 13:08:56,69000.0,1974.54
2026-06-02 13:08:57,69008.1,1974.68
2026-06-02 13:08:58,68987.8,1974.29
2026-06-02 13:08:59,68985.1,1974.28
2026-06-02 13:09:00,68998.4,1974.79
2026-06-02 13:09:01,69010.3,1975.35
2026-06-02 13:09:02,69016.1,1975.58
2026-06-02 13:09:03,69016.2,1975.58
2026-06-02 13:09:04,68992.9,1975.1
2026-06-02 13:09:05,68995.9,1975.27
2026-06-02 13:09:06,68996.9,1975.27
2026-06-02 13:09:07,69000.9,1975.27
2026-06-02 13:09:08,68995.9,1974.89
2026-06-02 13:09:09,68989.1,1974.78
2026-06-02 13:09:10,68989.1,1974.49
2026-06-02 13:09:11,68999.1,1974.94
2026-06-02 13:09:12,68999.2,1974.94
2026-06-02 13:09:13,68995.3,1974.6
2026-06-02 13:09:14,68995.1,1974.6
2026-06-02 13:09:15,68995.2,1974.6
2026-06-02 13:09:16,68989.2,1974.4
2026-06-02 13:09:17,68989.2,1974.4
2026-06-02 13:09:18,68991.3,1974.41
2026-06-02 13:09:19,68976.9,1974.08
2026-06-02 13:09:20,68976.9,1973.84
2026-06-02 13:09:21,68973.4,1973.83
2026-06-02 13:09:22,68973.4,1973.83
2026-06-02 13:09:23,68980.1,1974.26
2026-06-02 13:09:24,68980.0,1974.5
2026-06-02 13:09:25,68980.1,1974.51
2026-06-02 13:09:26,68980.0,1974.36
2026-06-02 13:09:27,68980.0,1974.44
2026-06-02 13:09:28,68980.0,1974.5
2026-06-02 13:09:29,68980.0,1974.5
2026-06-02 13:09:30,68983.6,1974.5
2026-06-02 13:09:31,68986.8,1974.6
2026-06-02 13:09:32,68989.9,1974.6
2026-06-02 13:09:33,68989.8,1974.59
2026-06-02 13:09:34,68989.9,1974.59
2026-06-02 13:09:35,68989.9,1974.6
2026-06-02 13:09:36,68991.3,1974.59
2026-06-02 13:09:37,68998.6,1974.75
2026-06-02 13:09:38,69008.9,1974.79
2026-06-02 13:09:39,69024.9,1975.26
2026-06-02 13:09:40,69021.5,1975.26
2026-06-02 13:09:41,69021.5,1975.26
2026-06-02 13:09:42,69021.5,1975.2
2026-06-02 13:09:43,69021.4,1975.2
2026-06-02 13:09:44,69014.8,1974.99
2026-06-02 13:09:45,69016.3,1975.19
2026-06-02 13:09:46,69019.9,1975.12
2026-06-02 13:09:47,69015.4,1975.02
2026-06-02 13:09:48,69008.0,1974.94
2026-06-02 13:09:49,69016.9,1975.08
2026-06-02 13:09:50,69002.2,1974.94
2026-06-02 13:09:51,68990.0,1974.85
2026-06-02 13:09:52,68990.0,1974.84
2026-06-02 13:09:53,68986.9,1974.47
2026-06-02 13:09:54,68979.2,1974.23
2026-06-02 13:09:55,68978.4,1974.23
2026-06-02 13:09:56,68979.4,1974.24
2026-06-02 13:09:57,68985.0,1974.42
2026-06-02 13:09:58,68985.0,1974.43
2026-06-02 13:09:59,68986.8,1974.42
2026-06-02 13:10:00,68985.1,1974.34
2026-06-02 13:10:01,68985.1,1974.35
2026-06-02 13:10:02,68985.0,1974.34
2026-06-02 13:10:03,68985.1,1974.27
2026-06-02 13:10:04,68985.0,1974.23
2026-06-02 13:10:05,68985.1,1974.23
2026-06-02 13:10:06,68985.1,1974.23
2026-06-02 13:10:07,68985.1,1974.44
2026-06-02 13:10:08,68994.9,1974.72
2026-06-02 13:10:09,68999.9,1974.79
2026-06-02 13:10:10,69000.0,1974.97
2026-06-02 13:10:11,68999.9,1974.97
2026-06-02 13:10:12,68992.0,1974.42
2026-06-02 13:10:13,68992.1,1974.72
2026-06-02 13:10:14,69011.2,1974.87
2026-06-02 13:10:15,69013.6,1974.97
2026-06-02 13:10:16,68999.8,1974.71
2026-06-02 13:10:17,68999.6,1974.83
2026-06-02 13:10:18,68999.7,1974.84
2026-06-02 13:10:19,68999.7,1974.42
2026-06-02 13:10:20,68999.7,1974.79
2026-06-02 13:10:21,68999.8,1974.8
2026-06-02 13:10:22,69003.8,1974.96
2026-06-02 13:10:23,69003.9,1974.96
2026-06-02 13:10:24,69004.0,1974.96
2026-06-02 13:10:25,69005.1,1974.73
2026-06-02 13:10:26,69000.9,1974.54
2026-06-02 13:10:27,69000.8,1974.55
2026-06-02 13:10:28,69000.9,1974.69
2026-06-02 13:10:29,69000.9,1974.51
2026-06-02 13:10:30,69000.1,1974.41
2026-06-02 13:10:31,69000.0,1974.41
2026-06-02 13:10:32,69000.0,1974.42
2026-06-02 13:10:33,68999.7,1974.42
2026-06-02 13:10:34,68999.7,1974.42
2026-06-02 13:10:35,68999.6,1974.42
2026-06-02 13:10:36,69008.6,1975.39
2026-06-02 13:10:37,69008.6,1975.26
2026-06-02 13:10:38,69011.1,1975.32
2026-06-02 13:10:39,69027.3,1975.97
2026-06-02 13:10:40,69027.2,1975.85
2026-06-02 13:10:41,69027.3,1975.89
2026-06-02 13:10:42,69027.3,1975.91
2026-06-02 13:10:43,69027.3,1976.3
2026-06-02 13:10:44,69030.8,1976.29
2026-06-02 13:10:45,69030.9,1976.22
2026-06-02 13:10:46,69030.9,1976.22
2026-06-02 13:10:47,69030.9,1976.22
2026-06-02 13:10:48,69030.8,1976.22
2026-06-02 13:10:49,69030.9,1976.22
2026-06-02 13:10:50,69030.8,1976.22
2026-06-02 13:10:51,69030.8,1976.22
2026-06-02 13:10:52,69030.8,1976.22
2026-06-02 13:10:53,69030.9,1976.22
2026-06-02 13:10:54,69030.9,1976.34
2026-06-02 13:10:55,69036.5,1976.97
2026-06-02 13:10:56,69040.1,1977.0
2026-06-02 13:10:57,69040.2,1977.0
2026-06-02 13:10:58,69044.3,1977.09
2026-06-02 13:10:59,69050.0,1977.35
2026-06-02 13:11:00,69049.9,1977.54
2026-06-02 13:11:01,69034.2,1977.23
2026-06-02 13:11:02,69034.2,1977.23
2026-06-02 13:11:03,69030.8,1977.03
2026-06-02 13:11:04,69030.7,1977.02
2026-06-02 13:11:05,69030.8,1977.02
2026-06-02 13:11:06,69030.9,1977.03
2026-06-02 13:11:07,69030.8,1977.03
2026-06-02 13:11:08,69030.9,1977.03
2026-06-02 13:11:09,69030.8,1977.03
2026-06-02 13:11:10,69030.8,1977.03
2026-06-02 13:11:11,69035.4,1977.02
2026-06-02 13:11:12,69035.5,1977.02
2026-06-02 13:11:13,69035.4,1977.03
2026-06-02 13:11:14,69027.7,1976.93
2026-06-02 13:11:15,69026.1,1976.91
2026-06-02 13:11:16,69018.4,1976.66
2026-06-02 13:11:17,69016.9,1976.89
2026-06-02 13:11:18,69024.3,1977.09
2026-06-02 13:11:19,69025.9,1977.1
2026-06-02 13:11:20,69026.0,1977.1
2026-06-02 13:11:21,69026.0,1977.09
2026-06-02 13:11:22,69026.1,1977.1
2026-06-02 13:11:23,69026.1,1977.09
2026-06-02 13:11:24,69029.3,1977.09
2026-06-02 13:11:25,69025.9,1977.09
2026-06-02 13:11:26,69016.1,1976.76
2026-06-02 13:11:27,69016.1,1976.76
2026-06-02 13:11:28,69012.4,1976.61
2026-06-02 13:11:29,69011.0,1976.34
2026-06-02 13:11:30,69009.2,1976.34
2026-06-02 13:11:31,69002.8,1976.12
2026-06-02 13:11:32,69002.1,1976.12
2026-06-02 13:11:33,69002.1,1976.12
2026-06-02 13:11:34,69002.0,1976.12
2026-06-02 13:11:35,69002.1,1976.12
2026-06-02 13:11:36,69013.7,1976.34
2026-06-02 13:11:37,69013.7,1976.34
2026-06-02 13:11:38,69013.6,1976.33
2026-06-02 13:11:39,69013.7,1976.33
2026-06-02 13:11:40,69013.6,1976.34
2026-06-02 13:11:41,69013.7,1976.44
2026-06-02 13:11:42,69013.7,1976.5
2026-06-02 13:11:43,69013.6,1976.5
2026-06-02 13:11:44,69016.0,1976.49
2026-06-02 13:11:45,69021.2,1976.49
2026-06-02 13:11:46,69027.0,1976.72
2026-06-02 13:11:47,69027.1,1976.73
2026-06-02 13:11:48,69027.1,1976.73
2026-06-02 13:11:49,69027.1,1976.73
2026-06-02 13:11:50,69027.1,1976.72
2026-06-02 13:11:51,69027.1,1976.72
2026-06-02 13:11:52,69024.3,1976.53
2026-06-02 13:11:53,69024.3,1976.54
2026-06-02 13:11:54,69024.2,1976.54
2026-06-02 13:11:55,69024.3,1976.54
2026-06-02 13:11:56,69019.8,1976.5
2026-06-02 13:11:57,69019.8,1976.23
2026-06-02 13:11:58,69019.9,1976.24
2026-06-02 13:11:59,69019.8,1976.24
2026-06-02 13:12:00,69016.5,1976.23
2026-06-02 13:12:01,69011.5,1976.07
2026-06-02 13:12:02,69011.5,1976.15
2026-06-02 13:12:03,69017.0,1976.29
2026-06-02 13:12:04,69018.0,1976.29
2026-06-02 13:12:05,69018.0,1976.28
2026-06-02 13:12:06,69018.0,1976.29
2026-06-02 13:12:07,69018.0,1976.36
2026-06-02 13:12:08,69022.9,1976.36
2026-06-02 13:12:09,69027.0,1976.48
2026-06-02 13:12:10,69031.1,1976.63
2026-06-02 13:12:11,69034.2,1976.89
2026-06-02 13:12:12,69034.3,1976.89
2026-06-02 13:12:13,69038.8,1976.89
2026-06-02 13:12:14,69038.7,1976.9
2026-06-02 13:12:15,69038.8,1976.99
2026-06-02 13:12:16,69038.8,1976.99
2026-06-02 13:12:17,69044.4,1977.01
2026-06-02 13:12:18,69044.4,1977.1
2026-06-02 13:12:19,69044.4,1977.1
2026-06-02 13:12:20,69050.7,1977.34
2026-06-02 13:12:21,69050.7,1977.34
2026-06-02 13:12:22,69043.9,1977.04
2026-06-02 13:12:23,69040.5,1977.04
2026-06-02 13:12:24,69038.8,1977.04
2026-06-02 13:12:25,69030.3,1976.9
2026-06-02 13:12:26,69030.3,1976.89
2026-06-02 13:12:27,69030.3,1976.9
2026-06-02 13:12:28,69034.1,1976.9
2026-06-02 13:12:29,69034.1,1976.89
2026-06-02 13:12:30,69034.1,1976.89
2026-06-02 13:12:31,69026.9,1976.8
2026-06-02 13:12:32,69026.9,1976.79
2026-06-02 13:12:33,69026.9,1976.79
2026-06-02 13:12:34,69026.9,1976.8
2026-06-02 13:12:35,69023.9,1976.71
2026-06-02 13:12:36,69021.3,1976.7
2026-06-02 13:12:37,69021.3,1976.7
2026-06-02 13:12:38,69021.3,1976.71
2026-06-02 13:12:39,69009.2,1976.59
2026-06-02 13:12:40,69009.2,1976.45
2026-06-02 13:12:41,69009.1,1976.45
2026-06-02 13:12:42,69009.2,1976.45
2026-06-02 13:12:43,69003.0,1976.37
2026-06-02 13:12:44,69002.9,1976.37
2026-06-02 13:12:45,69003.0,1976.37
2026-06-02 13:12:46,69000.4,1976.16
2026-06-02 13:12:47,69000.5,1976.08
2026-06-02 13:12:48,69000.5,1976.05
2026-06-02 13:12:49,68978.4,1975.54
2026-06-02 13:12:50,68967.8,1975.24
2026-06-02 13:12:51,68962.6,1975.0
2026-06-02 13:12:52,68960.1,1975.01
2026-06-02 13:12:53,68953.1,1974.64
2026-06-02 13:12:54,68953.1,1974.53
2026-06-02 13:12:55,68953.1,1974.53
2026-06-02 13:12:56,68953.0,1974.53
2026-06-02 13:12:57,68953.1,1974.54
2026-06-02 13:12:58,68957.5,1974.78
2026-06-02 13:12:59,68949.8,1974.71
2026-06-02 13:13:00,68956.9,1975.0
2026-06-02 13:13:01,68947.5,1974.82
2026-06-02 13:13:02,68947.4,1974.79
2026-06-02 13:13:03,68949.8,1974.78
2026-06-02 13:13:04,68949.7,1974.78
2026-06-02 13:13:05,68949.8,1974.79
2026-06-02 13:13:06,68949.8,1974.78
2026-06-02 13:13:07,68946.5,1974.78
2026-06-02 13:13:08,68946.6,1974.78
2026-06-02 13:13:09,68946.6,1974.71
2026-06-02 13:13:10,68941.9,1974.71
2026-06-02 13:13:11,68941.8,1974.71
2026-06-02 13:13:12,68941.4,1974.7
2026-06-02 13:13:13,68938.5,1974.56
2026-06-02 13:13:14,68935.0,1974.52
2026-06-02 13:13:15,68926.9,1974.51
2026-06-02 13:13:16,68926.9,1974.51
2026-06-02 13:13:17,68926.8,1974.38
2026-06-02 13:13:18,68926.9,1974.39
2026-06-02 13:13:19,68926.9,1974.39
2026-06-02 13:13:20,68926.8,1974.39
2026-06-02 13:13:21,68926.9,1974.38
2026-06-02 13:13:22,68934.1,1974.48
2026-06-02 13:13:23,68934.2,1974.73
2026-06-02 13:13:24,68939.7,1974.95
2026-06-02 13:13:25,68932.3,1974.32
2026-06-02 13:13:26,68932.2,1974.33
2026-06-02 13:13:27,68932.2,1974.32
2026-06-02 13:13:28,68932.2,1974.09
2026-06-02 13:13:29,68932.2,1974.09
2026-06-02 13:13:30,68928.8,1974.09
2026-06-02 13:13:31,68926.9,1973.96
2026-06-02 13:13:32,68927.0,1973.96
2026-06-02 13:13:33,68927.0,1973.96
2026-06-02 13:13:34,68920.0,1973.0
2026-06-02 13:13:35,68909.8,1972.87
2026-06-02 13:13:36,68905.4,1972.87
2026-06-02 13:13:37,68901.3,1972.81
2026-06-02 13:13:38,68901.0,1972.8
2026-06-02 13:13:39,68900.0,1972.81
2026-06-02 13:13:40,68900.0,1972.8
2026-06-02 13:13:41,68891.4,1972.65
2026-06-02 13:13:42,68890.4,1972.64
2026-06-02 13:13:43,68884.4,1972.64
2026-06-02 13:13:44,68871.3,1972.5
2026-06-02 13:13:45,68889.8,1972.79
2026-06-02 13:13:46,68900.4,1973.08
2026-06-02 13:13:47,68900.4,1973.09
2026-06-02 13:13:48,68900.4,1973.08
2026-06-02 13:13:49,68906.0,1973.28
2026-06-02 13:13:50,68906.1,1973.16
2026-06-02 13:13:51,68909.5,1973.16
2026-06-02 13:13:52,68900.6,1972.92
2026-06-02 13:13:53,68900.6,1972.92
2026-06-02 13:13:54,68900.5,1972.92
2026-06-02 13:13:55,68904.2,1972.93
2026-06-02 13:13:56,68909.7,1973.07
2026-06-02 13:13:57,68901.1,1972.8
2026-06-02 13:13:58,68901.1,1972.81
2026-06-02 13:13:59,68901.1,1972.8
2026-06-02 13:14:00,68909.1,1973.0
2026-06-02 13:14:01,68909.1,1973.07
2026-06-02 13:14:02,68909.2,1972.9
2026-06-02 13:14:03,68905.5,1972.56
2026-06-02 13:14:04,68914.5,1972.79
2026-06-02 13:14:05,68903.3,1972.8
2026-06-02 13:14:06,68908.5,1972.98
2026-06-02 13:14:07,68914.5,1972.98
2026-06-02 13:14:08,68914.5,1972.63
2026-06-02 13:14:09,68910.8,1972.63
2026-06-02 13:14:10,68910.9,1972.72
2026-06-02 13:14:11,68914.2,1972.72
2026-06-02 13:14:12,68920.2,1972.95
2026-06-02 13:14:13,68920.2,1972.87
2026-06-02 13:14:14,68931.9,1973.28
2026-06-02 13:14:15,68932.0,1973.29
2026-06-02 13:14:16,68932.0,1973.28
2026-06-02 13:14:17,68926.7,1972.94
2026-06-02 13:14:18,68924.2,1972.95
2026-06-02 13:14:19,68931.1,1972.92
2026-06-02 13:14:20,68931.2,1973.23
2026-06-02 13:14:21,68941.8,1973.24
2026-06-02 13:14:22,68937.9,1973.24
2026-06-02 13:14:23,68938.0,1973.08
2026-06-02 13:14:24,68937.9,1973.07
2026-06-02 13:14:25,68933.0,1973.03
2026-06-02 13:14:26,68933.0,1973.04
2026-06-02 13:14:27,68938.7,1973.03
2026-06-02 13:14:28,68941.7,1973.03
2026-06-02 13:14:29,68941.8,1973.04
2026-06-02 13:14:30,68941.7,1973.09
2026-06-02 13:14:31,68931.9,1972.99
2026-06-02 13:14:32,68926.1,1972.98
2026-06-02 13:14:33,68924.6,1972.88
2026-06-02 13:14:34,68922.6,1972.87
2026-06-02 13:14:35,68918.8,1972.61
2026-06-02 13:14:36,68918.8,1972.62
2026-06-02 13:14:37,68918.7,1972.62
2026-06-02 13:14:38,68914.9,1972.62
2026-06-02 13:14:39,68915.0,1972.62
2026-06-02 13:14:40,68914.9,1972.61
2026-06-02 13:14:41,68911.2,1972.52
2026-06-02 13:14:42,68911.1,1972.31
2026-06-02 13:14:43,68911.2,1972.4
2026-06-02 13:14:44,68911.1,1972.49
2026-06-02 13:14:45,68911.1,1972.49
2026-06-02 13:14:46,68911.1,1972.49
2026-06-02 13:14:47,68911.1,1972.49
2026-06-02 13:14:48,68911.2,1972.49
2026-06-02 13:14:49,68911.1,1972.5
2026-06-02 13:14:50,68911.1,1972.49
2026-06-02 13:14:51,68911.1,1972.5
2026-06-02 13:14:52,68910.4,1972.5
2026-06-02 13:14:53,68900.6,1972.33
2026-06-02 13:14:54,68900.5,1972.32
2026-06-02 13:14:55,68900.5,1972.33
2026-06-02 13:14:56,68891.0,1972.32
2026-06-02 13:14:57,68891.0,1972.32
2026-06-02 13:14:58,68891.0,1972.32
2026-06-02 13:14:59,68891.0,1972.49
2026-06-02 13:15:00,68907.7,1973.0
2026-06-02 13:15:01,68907.7,1973.19
2026-06-02 13:15:02,68891.7,1972.85
2026-06-02 13:15:03,68894.5,1973.03
2026-06-02 13:15:04,68902.5,1973.16
2026-06-02 13:15:05,68902.5,1973.15
2026-06-02 13:15:06,68902.6,1972.88
2026-06-02 13:15:07,68902.6,1972.89
2026-06-02 13:15:08,68900.1,1972.89
2026-06-02 13:15:09,68900.0,1972.88
2026-06-02 13:15:10,68898.8,1972.98
2026-06-02 13:15:11,68898.7,1972.98
2026-06-02 13:15:12,68898.7,1972.99
2026-06-02 13:15:13,68898.8,1973.14
2026-06-02 13:15:14,68898.7,1973.13
2026-06-02 13:15:15,68898.7,1973.15
2026-06-02 13:15:16,68898.8,1973.16
2026-06-02 13:15:17,68902.5,1973.15
2026-06-02 13:15:18,68902.4,1973.16
2026-06-02 13:15:19,68902.4,1973.15
2026-06-02 13:15:20,68902.4,1973.38
2026-06-02 13:15:21,68920.9,1973.92
2026-06-02 13:15:22,68915.2,1973.63
2026-06-02 13:15:23,68915.1,1973.64
2026-06-02 13:15:24,68905.1,1973.42
2026-06-02 13:15:25,68900.2,1973.39
2026-06-02 13:15:26,68900.1,1973.39
2026-06-02 13:15:27,68910.2,1973.85
2026-06-02 13:15:28,68910.1,1973.88
2026-06-02 13:15:29,68910.1,1973.89
2026-06-02 13:15:30,68903.9,1973.72
2026-06-02 13:15:31,68903.8,1973.72
2026-06-02 13:15:32,68910.1,1973.99
2026-06-02 13:15:33,68912.6,1973.99
2026-06-02 13:15:34,68912.6,1974.0
2026-06-02 13:15:35,68912.5,1974.0
2026-06-02 13:15:36,68912.5,1974.2
2026-06-02 13:15:37,68905.8,1974.1
2026-06-02 13:15:38,68905.9,1974.1
2026-06-02 13:15:39,68905.9,1974.1
2026-06-02 13:15:40,68905.8,1974.09
2026-06-02 13:15:41,68903.9,1974.0
2026-06-02 13:15:42,68900.3,1973.81
2026-06-02 13:15:43,68900.2,1973.8
2026-06-02 13:15:44,68905.9,1974.03
2026-06-02 13:15:45,68905.8,1974.03
2026-06-02 13:15:46,68905.8,1974.02
2026-06-02 13:15:47,68905.9,1974.02
2026-06-02 13:15:48,68901.0,1974.03
2026-06-02 13:15:49,68900.9,1973.86
2026-06-02 13:15:50,68900.1,1973.86
2026-06-02 13:15:51,68888.1,1973.66
2026-06-02 13:15:52,68881.0,1973.56
2026-06-02 13:15:53,68868.2,1973.37
2026-06-02 13:15:54,68851.7,1973.0
2026-06-02 13:15:55,68859.1,1973.04
2026-06-02 13:15:56,68870.4,1973.44
2026-06-02 13:15:57,68879.2,1973.8
2026-06-02 13:15:58,68880.8,1974.05
2026-06-02 13:15:59,68888.9,1974.09
2026-06-02 13:16:00,68889.0,1974.0
2026-06-02 13:16:01,68888.9,1974.08
2026-06-02 13:16:02,68881.3,1974.0
2026-06-02 13:16:03,68877.7,1973.82
2026-06-02 13:16:04,68879.2,1974.08
2026-06-02 13:16:05,68880.8,1974.2
2026-06-02 13:16:06,68886.3,1974.2
2026-06-02 13:16:07,68883.7,1973.98
2026-06-02 13:16:08,68883.7,1973.97
2026-06-02 13:16:09,68883.7,1973.97
2026-06-02 13:16:10,68883.8,1973.97
2026-06-02 13:16:11,68883.7,1973.97
2026-06-02 13:16:12,68886.3,1974.38
2026-06-02 13:16:13,68898.6,1974.87
2026-06-02 13:16:14,68898.6,1975.18
2026-06-02 13:16:15,68898.6,1975.33
2026-06-02 13:16:16,68898.5,1975.33
2026-06-02 13:16:17,68908.9,1975.57
2026-06-02 13:16:18,68908.9,1975.64
2026-06-02 13:16:19,68908.9,1975.43
2026-06-02 13:16:20,68908.7,1975.13
2026-06-02 13:16:21,68898.7,1974.93
2026-06-02 13:16:22,68908.6,1975.47
2026-06-02 13:16:23,68911.8,1975.51
2026-06-02 13:16:24,68912.7,1975.51
2026-06-02 13:16:25,68912.7,1975.51
2026-06-02 13:16:26,68912.8,1975.19
2026-06-02 13:16:27,68912.8,1975.1
2026-06-02 13:16:28,68900.9,1974.99
2026-06-02 13:16:29,68901.0,1974.99
2026-06-02 13:16:30,68901.0,1974.68
2026-06-02 13:16:31,68905.0,1974.77
2026-06-02 13:16:32,68901.1,1974.61
2026-06-02 13:16:33,68901.0,1974.68
2026-06-02 13:16:34,68901.0,1974.81
2026-06-02 13:16:35,68901.0,1974.82
2026-06-02 13:16:36,68901.0,1974.81
2026-06-02 13:16:37,68902.9,1974.81
2026-06-02 13:16:38,68902.9,1974.82
2026-06-02 13:16:39,68902.9,1974.82
